participant,congruent_flanker,incongruent_flanker,neutral_flanker,flanker_effect,congruent_simon,incongruent_simon,neutral_simon,simon_effect,inhibition_score
1,0.495310083328756,0.517964954165412,0.456667849994119,0.022654870836656016,0.37960207499903237,0.38808153958355734,0.36504363125519984,0.008479464584524976,0.015567167710590496
2,0.4188248212765737,0.4487770833333589,0.40863237499993943,0.029952262056785195,0.48972151458332885,0.5287841958333411,0.4636280854166633,0.03906268125001228,0.034507471653398736
3,0.4206590979166265,0.42568167499999277,0.4215123583333498,0.005022577083366286,0.5956492404255651,0.6591875520832673,0.49886794565228504,0.06353831165770218,0.034280444370534235
4,0.39957267916667166,0.4485002000000098,0.39009189791661925,0.04892752083333812,0.47597309583333214,0.46914025625000494,0.4562949062500022,-0.006832839583327199,0.021047340625005462
5,0.4044477625000127,0.46579239583330906,0.40289171489366904,0.06134463333329637,0.3974393791667315,0.40517275833330285,0.3938500458333465,0.0077333791665713525,0.03453900624993386
